sku,product_name,avg_price,n_months,insufficient_history,annual_demand,annual_demand_value,implied_turns,implied_days_of_supply,velocity_tier,slow_mover,value_rank,cumulative_pct,abc_class,eoq,eoq_orders_per_year,eoq_cycle_days,eoq_annual_cost,monthly_annual_cost,eoq_saving_vs_monthly,eoq_saving_pct,avg_lead_time_days,std_lead_time_days,avg_daily_demand,sigma_daily_demand,sigma_source,safety_stock_90,safety_stock_95,safety_stock_99,reorder_point_90,reorder_point_95,reorder_point_99,safety_stock,reorder_point,safety_stock_value
1351,Dell Laptop,1500.0,3,True,1768.0,2652000.0,132.9661611087573,2.7450593215326022,Fast,False,1,0.10477331396416074,A,26.59323222175146,66.48308055437865,5.4901186430652045,9972.462083156797,28525.0,18552.537916843205,0.6503957201347311,3.615384615384616,1.601172603628618,4.843835616438356,4.725600064701015,class_fallback,11.515603826574194,14.77997560419155,20.902582070661317,29.027932593697486,32.29230437131484,38.4149108377846,14.77997560419155,32.29230437131484,22169.963406287327
1004,Field & Stream Sportsman 16 Gun Fire Safe,399.9800110000037,34,False,6114.705882352941,2445760.1260853168,127.69129769579229,2.8584563442182604,Fast,False,2,0.20139865090660505,A,95.77325930104374,63.84564884789614,5.716912688436521,9576.84732718442,26376.667980055383,16799.820652870963,0.6369197453436531,3.502049062049062,1.6146834260261695,16.752618855761483,16.35181032712548,per_sku,39.21745913198641,50.3345806228187,71.1856860008895,97.88595228267134,109.00307377350363,129.85417915157444,50.3345806228187,109.00307377350363,20132.826111195594
365,Perfect Fitness Perfect Rip Deck,59.99000167999971,34,False,26011.058823529413,1560403.4625221007,101.99357700437483,3.578656722514438,Fast,False,3,0.26304595176995027,A,510.052879553655,50.996788502187414,7.157313445028876,7649.518275328112,17154.202734605213,9504.684459277101,0.5540732266212104,3.5063838466245154,1.6314571900432266,71.2631748589847,68.67242244364236,per_sku,164.8028032887825,211.52007734840694,299.1422918934884,414.67884847350473,461.3961225331292,549.0183370782106,211.52007734840694,461.3961225331292,12689.0897954846
957,Diamondback Women's Serene Classic Comfort Bi,299.98001100000056,34,False,4845.529411764706,1453561.9662420028,98.43989591766146,3.7078462608828704,Fast,False,4,0.3204722354258463,A,98.44645540498489,49.21994795883073,7.415692521765741,7382.992193824609,16041.27048168753,8658.278287862922,0.539750158676464,3.498215456333309,1.6264720398838433,13.275423045930703,12.893415305114713,per_sku,30.906067422403005,39.667127265223705,56.099238955006314,77.3463575110412,86.1074173538619,102.5395290436445,39.667127265223705,86.1074173538619,11899.34527336023
1353,Porcelain crafts,461.4800110000002,2,True,2904.0,1340137.9519440006,94.52117758978675,3.8615684792255403,Fast,False,5,0.3734174444734768,A,61.44654719819709,47.26058879489337,7.7231369584510805,7089.088319234006,14859.770332750006,7770.682013516,0.5229341934302916,3.5785123966942147,1.5867049395093575,7.956164383561644,7.761958477314337,class_fallback,18.81806987888798,24.152499331915447,34.15767474973244,47.2893027556003,52.62373220862777,62.62890762644477,24.152499331915447,52.62373220862777,11145.895657369838
191,Nike Men's Free 5.0+ Running Shoe,99.98999786000024,34,False,12945.882352941175,1294458.748766403,92.89631312262085,3.929111799283239,Fast,False,6,0.42455799232346064,A,278.7168170141032,46.44815656131043,7.858223598566478,6967.223484196564,14383.945299650031,7416.721815453468,0.5156250014127849,3.493960062453776,1.6206620667385534,35.46817082997582,36.27303327048297,per_sku,86.89511077917166,111.52759653609509,157.7279152665317,210.81948314739515,235.4519689043186,281.6522876347552,111.52759653609509,235.4519689043186,11151.644138975118
502,Nike Men's Dri-FIT Victory Golf Polo,50.0,34,False,22219.76470588235,1110988.2352941176,86.06153749087984,4.241151281298919,Fast,False,7,0.4684501187137169,A,516.369224945279,43.03076874543992,8.482302562597837,6454.615311815988,12472.794117647058,6018.178805831069,0.482504461235056,3.4847159496077964,1.6202964736837149,60.8760676873489,59.783884463541426,per_sku,143.02775445911774,183.57237305696222,259.6172481259719,355.16355847862627,395.70817707647075,471.7530521454804,183.57237305696222,395.70817707647075,9178.61865284811
1073,Pelican Sunstream 100 Kayak,199.99000550000207,34,False,5470.588235294117,1094062.9712647172,85.40347265635504,4.273830895245682,Fast,False,8,0.5116735739116357,A,128.111611042014,42.70173632817752,8.547661790491365,6405.260449226627,12296.48928400747,5891.228834780843,0.4790984401086608,3.483032258064516,1.623082926390129,14.98791297340854,14.614806099357185,per_sku,34.95620719407009,44.865375478718704,63.450862043980365,87.1595915615157,97.06875984616431,115.65424641142596,44.865375478718704,97.06875984616431,8972.62668874861
1349,Web Camera,452.0400084999988,3,True,2368.0,1070430.7401279972,84.47606130843606,4.320750687787451,Fast,False,9,0.5539633838710323,A,56.06321988318184,42.23803065421803,8.641501375574903,6335.704598132705,12050.320209666635,5714.615611533931,0.4742293575692477,3.3378378378378377,1.5773526368042177,6.487671232876712,6.329310493898192,class_fallback,14.819771813544204,19.020788589340555,26.900152286086044,36.474566334092145,40.6755831098885,48.55494680663399,19.020788589340555,40.6755831098885,8598.157435602185
1355,Lawn mower,532.5800171000003,3,True,1936.0,1031074.9131056006,82.90858070210427,4.4024393724874855,Fast,False,10,0.5946983520427452,A,46.702041781565875,41.45429035105214,8.804878744974971,6218.143552657821,11640.36367818334,5422.220125525519,0.4658119175166304,3.4979338842975207,1.6323578025726049,5.304109589041096,5.174638984876226,class_fallback,12.403331555826746,15.919350870926511,22.513943662858736,30.956756213360993,34.47277552846076,41.06736832039299,15.919350870926511,34.47277552846076,8478.328159058947
403,Nike Men's CJ Elite 2 TD Football Cleat,129.9900055000008,34,False,7851.529411764705,1020620.3514187121,82.48718492059689,4.424929767591816,Fast,False,11,0.6350202888894287,A,190.36967789172772,41.243592460298444,8.849859535183633,6186.538869044766,11531.461993944917,5344.9231249001505,0.46350784728829086,3.501258653241032,1.6177463902383449,21.511039484286865,20.825625053112603,per_sku,49.94162178631062,64.09876223182142,90.65168130578525,125.25733492087952,139.41447536639032,165.96739444035416,64.09876223182142,139.41447536639032,8332.19845505771
1014,O'Brien Men's Neoprene Life Vest,49.97999953999982,34,False,20401.058823529413,1019644.9106155093,82.44775762527887,4.427045810741241,Fast,False,12,0.6753036887204533,A,494.8845041062549,41.223878812639434,8.854091621482482,6183.581821895914,11521.301152244887,5337.719330348973,0.463291364388035,3.495750855010882,1.627167260861157,55.893311845286064,55.60371020074816,per_sku,133.2375095049593,171.00685033138856,241.8464562744903,328.6266021775079,366.3959430039372,437.23554894703886,171.00685033138856,366.3959430039372,8546.922300899618
1350,Children's heaters,357.1000060999995,3,True,2608.0,931316.8159087987,78.79580428376454,4.632226338924576,Fast,False,13,0.7120974855354288,A,66.19641803789202,39.39790214188227,9.264452677849151,5909.68532128234,10601.21683238332,4691.5315111009795,0.44254651001664774,3.607361963190184,1.604278392020529,7.145205479452055,6.970794665577063,class_fallback,16.967960704990308,21.77793271195268,30.799443654821278,42.74330317074373,47.553275177706105,56.5747861205747,21.77793271195268,47.553275177706105,7776.899904283681
1363,Summer dresses,215.82000729999996,2,True,3900.0,841698.0284699998,74.90874574974539,4.872595267038503,Fast,False,14,0.7453506875715911,A,104.1266933778091,37.454372874872696,9.745190534077006,5618.155931230905,9667.687796562499,4049.5318653315944,0.41887284224998145,3.5384615384615383,1.6437482353542756,10.684931506849315,10.424117789781652,class_fallback,25.130379589327283,32.25418335399848,45.61548223989705,62.938598767409474,70.06240253208067,83.42370141797923,32.25418335399848,70.06240253208067,6961.098086915488
1360,Smart watch ,327.75,2,True,2142.0,702040.5,68.41249885803032,5.335282383960982,Fast,False,15,0.773086400136469,A,62.62013625449,34.20624942901516,10.670564767921965,5130.937414352275,8212.921875,3081.9844606477254,0.3752604137181964,3.4901960784313726,1.629447833575573,5.868493150684931,5.725246232233922,class_fallback,13.707920639354768,17.59375675692467,24.881972365270748,34.19011242017669,38.075948537746584,45.36416414609266,17.59375675692467,38.075948537746584,5766.35377708206
1358,Rock music,260.6499938999998,3,True,1736.0,452488.38941039966,54.92348552974399,6.645608822519704,Fast,False,16,0.7909629868969642,A,63.2152159775025,27.461742764871996,13.291217645039408,4119.2614147307995,5613.420723024996,1494.1593082941963,0.2661762554453631,3.4838709677419355,1.6143031993215955,4.756164383561644,4.640068841810499,class_fallback,11.099615980591217,14.246066109920795,20.147500511586568,27.669478994289847,30.815929123619426,36.717363525285194,14.246066109920795,30.815929123619426,3713.237044649849
627,Under Armour Girls' Toddler Spine Surge Runni,39.99000168000013,34,False,11200.588235294115,447911.5423464013,54.64500845435023,6.679475588422985,Fast,False,17,0.8086587548662068,B,409.94003119794365,27.322504227175116,13.35895117684597,4098.3756340762675,5565.745232775014,1467.3695986987468,0.263642969149548,3.4945841574832817,1.6297193538435766,30.686543110394837,31.249831352559358,per_sku,74.86829251789041,96.09149060758264,135.8974008148942,182.10499991940395,203.32819800909618,243.13410821640775,96.09149060758264,203.32819800909618,3842.6988708309464
1352,Industrial consumer electronics,252.88000489999976,3,True,1724.0,435965.1284475996,53.91135492315755,6.77037333823741,Fast,False,18,0.8258825524832,B,63.956841836281065,26.955677461578777,13.54074667647482,4043.3516192368165,5441.303421329162,1397.9518020923456,0.2569148775296313,3.4315545243619487,1.661976169244451,4.723287671232876,13.881098142867513,class_fallback,32.955034866447036,42.29692326140662,59.81842822239054,49.163254044529225,58.50514243948881,76.02664740047273,42.29692326140662,58.50514243948881,10696.046161599419
1356,First aid kit,293.04000850000006,3,True,1448.0000000000002,424321.93230800016,53.186585546106784,6.862632678000848,Fast,False,19,0.8426463590577042,B,54.449819823261535,26.593292773053392,13.725265356001696,3988.9939159580085,5320.020128208334,1331.026212250326,0.2501919504388391,3.458563535911602,1.5770852642945634,3.9671232876712335,11.658834171039539,class_fallback,27.787885652916874,35.665022714172096,50.43926216789989,41.50843359812235,49.38557065937758,64.15981011310537,35.665022714172096,49.38557065937758,10451.278559313687
1354,DVDs ,164.3800048999998,3,True,1932.0,317582.1694667996,46.01319879243343,7.932506532452203,Fast,False,20,0.8551931676364993,B,83.97590477094606,23.006599396216714,15.865013064904407,3450.9899094325074,4208.147598612495,757.1576891799878,0.1799265998725037,3.6438923395445135,1.5531720202491304,5.293150684931507,15.555847802795846,class_fallback,38.05650948994532,48.84453219414097,69.07838485210658,57.34418072282203,68.13220342701769,88.36605608498328,48.84453219414097,68.13220342701769,8029.064441411089
1362,Fighting video games,39.75,2,True,5028.0,199863.0,36.50232869283821,9.999362042663687,Fast,False,21,0.8630892116971399,B,275.48927315349596,18.251164346419106,19.998724085327375,2737.674651962866,2981.90625,244.23159803713406,0.08190451931114,3.590692124105012,1.6295535955073237,13.775342465753425,40.48385235634447,class_fallback,98.31582222665716,126.18578025954147,178.4582531568918,147.7788359252873,175.6487939581716,227.92126685552194,126.18578025954147,175.6487939581716,5015.884765316773
208,SOLE E35 Elliptical,1999.9899900000005,2,True,90.0,179999.09910000005,34.64092946212616,10.536668780757287,Fast,False,22,0.8702004870075738,B,5.196165426126881,17.32046473106308,21.073337561514574,2598.069709659462,2774.9906156250004,176.92090596553817,0.06375549703460563,3.533333333333333,1.3557637102737474,0.2465753424657534,0.7246512951612971,class_fallback,1.745717143181677,2.2405821854085053,3.1687435940882764,2.6169500198940057,3.111815062120834,4.039976470800605,2.2405821854085053,3.111815062120834,4481.1419425893355
1357,Men's gala suit,210.8500061000001,3,True,832.0,175427.20507520007,34.19816808692146,10.673086320655532,Fast,False,23,0.8771311392078751,B,48.657577089235076,17.09908404346073,21.346172641311064,2564.86260651911,2727.3667195333337,162.50411301422355,0.0595827879875387,3.423076923076923,1.6546950195068653,2.2794520547945205,6.6989986397133245,class_fallback,15.884396443954035,20.387206390964412,28.832608807405016,23.687136169981432,28.18994611699181,36.63534853343241,20.387206390964412,28.18994611699181,4298.642591896807
303,Garmin Forerunner 910XT GPS Watch,399.9899902,1,True,420.0,167995.79588400002,33.46598231876662,10.90659752710501,Fast,False,24,0.8837681966237172,B,25.1001148568992,16.73299115938331,21.81319505421002,2509.9486739074964,2649.956207125,140.0075332175038,0.052833904515501885,3.6857142857142855,1.6408647033774346,1.1506849315068493,3.3817060440860534,class_fallback,8.320495411336802,10.679137720121647,15.102971656829586,12.561591301747761,14.920233610532605,19.344067547240545,10.679137720121647,14.920233610532605,4271.548192015908
1059,Pelican Maverick 100X Kayak,349.98999019999985,1,True,480.0,167995.19529599993,33.46592249796798,10.906617022798713,Fast,False,25,0.8904052303119595,B,28.685896827087024,16.73296124898399,21.813234045597426,2509.9441873475985,2649.949950999999,140.00576365240067,0.05283336147521102,3.375,1.547330206914726,1.3150684931506849,3.8648069075269182,class_fallback,9.099492848565161,11.678960507650462,16.516971140462807,13.537849012948723,16.117316672034022,20.95532730484637,11.678960507650462,16.117316672034022,4087.5192736187705
1359,Adult dog supplies,84.40000152999998,3,True,1968.0,166099.20301103996,33.27653858311588,10.968688918420039,Fast,False,26,0.8969673584968284,B,118.28153310383911,16.63826929155794,21.937377836840078,2495.7403937336912,2630.2000313649996,134.4596376313084,0.05112144933004492,3.388211382113821,1.656224220345046,5.391780821917808,15.845708320860364,class_fallback,37.38086998075747,47.977366597493734,67.85199581479095,55.6493631314424,66.24585974817867,86.12048896547589,47.977366597493734,66.24585974817867,4049.2898142338413
203,GoPro HERO3+ Black Edition Camera,399.9899902,1,True,384.0,153596.15623680002,31.999599605495067,11.4063927205302,Fast,False,27,0.903035525277027,B,24.000300299636148,15.999799802747534,22.8127854410604,2399.96997041213,2499.9599608,99.98999038786997,0.03999663672848291,3.75,1.7038855027411943,1.0520547945205478,3.0918455260215345,class_fallback,7.673366121034543,9.84856424195515,13.928333026968364,11.618571600486597,13.793769721407205,17.873538506420417,9.84856424195515,13.793769721407205,3939.327114623711
845,Garmin Approach S4 Golf GPS Watch,299.9899902,1,True,432.0,129595.6757664,29.393386531259036,12.417759335482925,Fast,False,28,0.9081554982881397,B,29.39436730371849,14.696693265629518,24.83551867096585,2204.5039898444275,2249.9549559,45.450966055572735,0.02020083377064408,3.8055555555555554,1.5823932046012628,1.1835616438356165,3.4783262167742266,class_fallback,8.696246509787667,11.16140440383094,15.78501736557354,13.200356098828763,15.665513992872036,20.289126954614634,11.16140440383094,15.665513992872036,3348.3095977234807
364,Total Gym 1400,299.9899902,1,True,432.0,129595.6757664,29.393386531259036,12.417759335482925,Fast,False,29,0.9132754712992524,B,29.39436730371849,14.696693265629518,24.83551867096585,2204.5039898444275,2249.9549559,45.450966055572735,0.02020083377064408,3.638888888888889,1.5334886049747165,1.1835616438356165,3.4783262167742266,class_fallback,8.503685821745217,10.914257809136007,15.435490267732442,12.810535136813709,15.2211071242045,19.742339582800934,10.914257809136007,15.2211071242045,3274.1680932029844
768,Titleist Club Glove Travel Cover,299.9899901999999,1,True,408.0,122395.91600159997,28.565237148394196,12.777768940053019,Fast,False,30,0.9181110013653031,B,28.56619028789935,14.282618574197098,25.555537880106037,2142.3927861295647,2174.95745835,32.564672220435114,0.014972555943756176,3.794117647058824,1.533058178830518,1.1178082191780823,3.2850858713978806,class_fallback,8.20076981101271,10.525473050979095,14.885651382146431,12.44186570142367,14.766568941390055,19.12674727255739,10.525473050979095,14.766568941390055,3157.5365574135817
127,Stiga Master Series ST3100 Competition Indoor,329.9899902,1,True,324.0,106916.7568248,26.697909634126788,13.671482337082908,Fast,False,31,0.9223349919123749,B,24.271563162821163,13.348954817063394,27.342964674165817,2002.3432225595093,2013.716216925,11.37299436549074,0.005647764203268728,3.4074074074074074,1.3085299814107096,0.8876712328767123,2.60874466258067,class_fallback,6.171576317805746,7.921056402277365,11.202354859637566,9.196233852052321,10.94571393652394,14.227012393884142,7.921056402277365,10.94571393652394,2613.8693245611553
58,Diamondback Boys' Insight 24 Performance Hybr,299.9899902,1,True,348.0,104396.51658960001,26.38137178510625,13.835520115222469,Fast,False,32,0.9264594146157712,B,26.382252055328323,13.190685892553125,27.671040230444937,1978.6028838829686,1987.4637144750002,8.860830592031562,0.004458360938867354,3.655172413793104,1.737729677912401,0.9534246575342465,2.8019850079570157,class_fallback,6.865501078132744,8.811690639373088,12.461934424204275,10.350432584982059,12.296622146222404,15.94686593105359,8.811690639373088,12.296622146222404,2643.4189885509645
61,Diamondback Girls' Clarity 24 Hybrid Bike 201,299.9899902000001,1,True,336.0,100796.63670720003,25.922530317235626,14.080415589573647,Fast,False,33,0.9304416158466365,B,25.923395277242438,12.961265158617813,28.160831179147294,1944.189773792672,1949.9649657000002,5.775191907328235,0.0029616900861883185,3.071428571428572,1.2450962012087865,0.9205479452054794,2.705364835268843,class_fallback,6.076430701876524,7.7989394986865594,11.029651015742319,8.903827962150498,10.626336758960532,13.857048276016291,7.7989394986865594,10.626336758960532,2339.6037837813747
60,SOLE E25 Elliptical,999.9899902,2,True,60.0,59999.399412,19.999899901749508,18.250091340110725,Fast,False,34,0.9328120290865515,B,6.000030029625443,9.999949950874754,36.50018268022145,1499.992492631213,1524.9937438749998,25.001251243786783,0.016394330366404492,4.0,1.632993161855452,0.1643835616438356,0.4831008634408648,class_fallback,1.2382841331716248,1.589305220547757,2.2476750772449674,1.8958183797469672,2.2468394671230993,2.90520932382031,1.589305220547757,2.2468394671230993,1589.2893119203602
1346,Sports Books ,31.079999919999985,3,True,1620.0,50349.59987039997,18.321135312419912,19.922346174287913,Fast,False,35,0.9348012049670912,B,176.84493590326804,9.160567656209956,39.844692348575826,1374.0851484314935,1424.4749986499996,50.389850218506126,0.03537433108075711,3.3901234567901235,1.6903632612600534,4.438356164383562,13.04372331290335,class_fallback,30.779519347123575,39.504706128342356,55.86953484489198,45.826094689589326,54.55128147080811,70.91611018735773,39.504706128342356,54.55128147080811,1227.8062633085033
1347,Baby sweater,59.08000183,3,True,828.0,48918.24151524,18.05883745155263,20.211710802492366,Fast,False,36,0.936733831768317,B,91.70025503815714,9.029418725776315,40.42342160498473,1354.4128088664474,1409.56501578375,55.152206917302465,0.03912711105889401,3.1497584541062804,1.712826381515948,2.2684931506849315,6.666791915483934,class_fallback,15.163799169928087,19.462338681815474,27.52461455134496,22.309004649380142,26.60754416126753,34.66982003079701,19.462338681815474,26.60754416126753,1149.835004937738
724,LIJA Women's Mid-Length Panel Golf Shorts,100.0,6,False,454.0,45400.0,17.397317800933184,20.980245585927136,Fast,False,37,0.9385274624070701,B,52.191953402799555,8.698658900466592,41.96049117185427,1304.7988350699889,1372.9166666666667,68.11783159667789,0.04961541603399906,3.684931506849315,1.5172774624376744,1.2438356164383562,3.8196320557215833,per_sku,9.396989425048671,12.060789564031335,17.056972924072035,13.980438477403709,16.644238616386374,21.640421976427074,12.060789564031335,16.644238616386374,1206.0789564031336
646,Merrell Women's Grassbow Sport Hiking Shoe,99.98999786,6,False,414.0,41395.85911404,16.61241686491162,21.97151702657697,Fast,False,38,0.9401629003195027,B,49.8422358849472,8.30620843245581,43.94303405315394,1245.9312648683715,1331.20686577125,85.27560090287852,0.06405886500102531,3.7857142857142856,1.4929093970864078,1.1342465753424658,3.183691318416235,per_sku,7.938845842837988,10.189300504747353,14.41021932287298,12.232779306634466,14.48323396854383,18.704152786669457,10.189300504747353,14.48323396854383,1018.8281356645847
359,Nike Men's Free TR 5.0 TB Training Shoe,99.98999786,6,False,412.0,41195.87911832,16.572241674623665,22.024781388441145,Fast,False,39,0.9417904375656917,B,49.7216982577411,8.286120837311833,44.04956277688229,1242.9181255967746,1329.1237408158333,86.2056152190587,0.06485898383407446,3.632352941176471,1.7007848211639438,1.1287671232876713,3.8303760679491785,per_sku,9.35595090707529,12.008117702128702,16.982481737772506,13.456031487252567,16.108198282305978,21.082562317949783,12.008117702128702,16.108198282305978,1200.6916633384772
860,Bushnell Pro X7 Jolt Slope Rangefinder,599.9899902,2,True,66.0,39599.3393532,16.247941275373936,22.464384491173007,Medium,False,40,0.9433548998638916,B,8.124106172150238,8.123970637686968,44.928768982346014,1218.5955956530452,1312.4931182625,93.89752260945488,0.07154134471482636,3.363636363636364,1.4333685689819815,0.18082191780821918,0.5314109497849513,class_fallback,1.2490721265674505,1.603151327240012,2.2672569351075684,1.8572913046496424,2.211370505322204,2.8754761131897606,1.603151327240012,2.211370505322204,961.8747491198517
258,Nike Women's Free 5.0 TR FIT PRT 4 Training S,94.98999786,6,False,412.0,39135.87911832,16.15258062319455,22.597008398513893,Medium,False,41,0.9449010521075293,B,51.013520329795746,8.076290311597274,45.194016797027786,1211.443546739591,1307.6654074825,96.22186074290903,0.07358293657714328,3.557142857142857,1.690859607176221,1.1287671232876713,2.9139249997399714,per_sku,7.043386518553391,9.040001938489757,12.784823703269938,11.058572428533822,13.055187848470187,16.800009613250367,9.040001938489757,13.055187848470187,858.709764791538
677,TaylorMade White Smoke IN-12 Putter,99.98999786,6,False,386.0,38596.13917396,16.04081028168673,22.75446150103206,Medium,False,42,0.9464258806925511,B,48.12724459944316,8.020405140843366,45.50892300206412,1203.0607711265047,1302.0431163954167,98.98234526891201,0.07602078919086434,3.73015873015873,1.686821301570092,1.0575342465753426,3.3949196532546684,per_sku,8.403218487511392,10.78531061962195,15.253126691243562,12.347989089816242,14.730081221926799,19.19789729354841,10.78531061962195,14.730081221926799,1078.423185775434
607,Garmin Approach S3 Golf GPS Watch,249.9900055,6,False,154.0,38498.460847,16.020499544229782,22.783309533657125,Medium,False,43,0.9479468502722871,B,19.225368044839435,8.010249772114891,45.56661906731425,1201.5374658172336,1301.0256338229167,99.48816800568306,0.076469029832524,3.74025974025974,1.5424058224478356,0.42191780821917807,1.44790826925064,per_sku,3.5887601059764163,4.606079508677127,6.514148435184875,5.166842297757238,6.184161700457949,8.092230626965698,4.606079508677127,6.184161700457949,1151.4738417076323
251,Brooks Women's Ghost 6 Running Shoe,89.98999786,6,False,424.0,38155.75909264,15.949035308891466,22.885396698351734,Medium,False,44,0.9494542806369002,B,53.16936000055417,7.974517654445733,45.77079339670347,1196.1776481668599,1297.4558238816667,101.27817571480682,0.07805905515288188,3.4545454545454546,1.570710943214208,1.1616438356164382,3.0137584053847775,per_sku,7.1788749624568124,9.21389780410831,13.03075594972166,11.191826394586325,13.226849236237824,17.043707381851174,9.21389780410831,13.226849236237824,829.1586436739656
295,Fitbit The One Wireless Activity & Sleep Trac,99.94999695,6,False,374.0,37381.2988593,15.786344068909685,23.121249505694415,Medium,False,45,0.9509311141820636,C,47.382725014409374,7.893172034454842,46.24249901138883,1183.9758051682263,1289.388529784375,105.41272461614858,0.08175404246366051,3.5161290322580645,1.7057466562209302,1.0246575342465754,2.7123259997218483,per_sku,6.518186580613614,8.365921587430815,11.831505495069793,10.12101468489996,11.96874969171716,15.434333599356139,8.365921587430815,11.96874969171716,836.1738371476491
78,Nike Kids' Grade School KD VI Basketball Shoe,99.98999786,6,False,372.0,37196.27920392,15.747228159038023,23.178682388653304,Medium,False,46,0.9524006381033799,C,47.24641012920016,7.873614079519012,46.35736477730661,1181.0421119278517,1287.4612417075,106.4191297796483,0.08265812308144481,3.6031746031746033,1.4977368145960124,1.0191780821917809,2.6967255639243843,per_sku,6.560423939579114,8.420132130316544,11.908172761113368,10.232700521444738,12.092408712182166,15.58044934297899,8.420132130316544,12.092408712182166,841.9289936912685
24,Elevation Training Mask 2.0,79.98999786,6,False,462.0,36955.37901132,15.696152184812686,23.25410684748377,Medium,False,47,0.9538606447126627,C,58.8679307591096,7.848076092406343,46.50821369496754,1177.2114138609513,1284.95186470125,107.74045084029876,0.08384784971330292,3.554054054054054,1.7292162441279408,1.2657534246575342,4.340696238579295,per_sku,10.487546710454009,13.460491248459581,19.03650118018817,14.98610280079092,17.959047338796495,23.535057270525083,13.460491248459581,17.959047338796495,1076.7046661588306
1361,Toys ,11.53999995999996,2,True,3174.0,36627.95987303987,15.6264647042637,23.357810413791757,Medium,False,48,0.9553077158814578,C,406.2339191965756,7.81323235213185,46.715620827583514,1171.9848528197774,1281.5412486774987,109.55639585772133,0.08548799812005997,3.5179584120982987,1.6049635339274435,8.695890410958905,18.219238223303346,class_fallback,43.79535628030602,56.210191592911485,79.49526944044621,74.38713710222383,86.8019724148293,110.08705026236402,56.210191592911485,86.8019724148293,648.6656087337886
226,Bowflex SelectTech 1090 Dumbbells,599.9899902,2,True,60.0,35999.399412,15.491804158328364,23.560845223038577,Medium,False,49,0.9567299543343668,C,7.746031306204464,7.745902079164182,47.12169044607715,1161.8853118746274,1274.9937438749998,113.10843200037243,0.08871293098004532,3.5,1.4337208778404378,0.1643835616438356,0.3444090401380594,class_fallback,0.8257737311300309,1.0598589344068257,1.4989056107426582,1.4011161968834556,1.6352014001602502,2.0742480764960827,1.0598589344068257,1.6352014001602502,635.9047516681337
981,The North Face Women's Recon Backpack,99.0,6,False,362.0,35838.0,15.457037232277083,23.613839736234453,Medium,False,50,0.9581458163350635,C,46.83950676447601,7.728518616138541,47.22767947246891,1159.2777924207812,1273.3125,114.03470757921878,0.08955751834621806,3.456140350877193,1.536114944529548,0.9917808219178083,2.7340571488450425,per_sku,6.5141202627649095,8.360702575079587,11.824124506296823,9.941853980621193,11.788436292935872,15.251858224153107,8.360702575079587,11.788436292935872,827.7095549328792
306,Polar FT4 Heart Rate Monitor,89.98999786,6,False,392.0,35276.079161120004,15.335379391268198,23.80117183196831,Medium,False,51,0.9595394783702718,C,51.12361292126892,7.667689695634099,47.60234366393662,1150.1534543451148,1267.4591579283333,117.30570358321847,0.0925518608228411,3.4833333333333334,1.7221553963099696,1.073972602739726,4.006569946940403,per_sku,9.583469073365066,12.300131303665882,17.39546200481363,13.324473639575112,16.041135869875927,21.136466571023675,12.300131303665882,16.041135869875927,1106.888789694612
777,Bag Boy M330 Push Cart,79.98999786,6,False,416.0,33275.83910976,14.894258202354354,24.506087852183466,Medium,False,52,0.9608541163561194,C,55.86045230963464,7.447129101177177,49.01217570436693,1117.0693651765766,1246.62332406,129.55395888342332,0.10392390097555072,3.391304347826087,1.6289421983060035,1.1397260273972603,4.212961084070255,per_sku,9.943134853467896,12.761752902987938,18.04831040076651,13.808292685510779,16.62691073503082,21.913468232809393,12.761752902987938,16.62691073503082,1020.812587399854
730,LIJA Women's Argyle Golf Polo,80.0,6,False,390.0,31200.0,14.422205101855958,25.308196452776077,Medium,False,53,0.9620867435792271,C,54.08326913195984,7.211102550927979,50.61639290555215,1081.6653826391967,1225.0,143.33461736080335,0.11700785090677825,3.1818181818181817,1.6539843819287825,1.0684931506849316,3.5023279929017233,per_sku,8.006579009439736,10.276234248304794,14.533165378947924,11.406329943437246,13.675985182302304,17.932916312945434,10.276234248304794,13.675985182302304,822.0987398643836
565,adidas Youth Germany Black/Red Away Match Soc,70.0,28,False,415.2857142857142,29069.999999999996,13.921206844235883,26.218991218504115,Medium,False,54,0.9632352202899881,C,59.662315046725205,6.960603422117941,52.43798243700823,1044.0905133176911,1202.8125,158.72198668230885,0.13195904322769247,3.4426751592356686,1.7027211381588716,1.1377690802348335,1.7533368305358012,per_sku,4.169326224424422,5.351220900870577,7.567964728369639,8.086295573895297,9.268190250341453,11.484934077840515,5.351220900870577,9.268190250341453,374.58546306094036
691,MDGolf Pittsburgh Penguins Putter,79.98999785999999,5,True,348.0,27836.519255279996,13.62265741458692,26.793597525925005,Medium,False,55,0.9643349655281491,C,51.091353090530966,6.81132870729346,53.58719505185001,1021.699306094019,1189.9637422424998,168.26443614848085,0.14140299420500382,3.358490566037736,1.6536014265214896,0.9534246575342465,1.9975724328007447,class_fallback,4.691666150924347,6.021630502228042,8.516091578413942,7.893733868680874,9.223698219984568,11.718159296170468,6.021630502228042,9.223698219984568,481.67021098693175
671,Cleveland Golf Collegiate My Custom Wedge 588,209.9900055,6,False,130.0,27298.700715,13.49041652803945,27.05624390776651,Medium,False,56,0.9654134630171486,C,19.27294086580628,6.745208264019725,54.11248781553302,1011.7812396029587,1184.36146578125,172.58022617829124,0.1457158402772339,3.569230769230769,1.610213793736242,0.3561643835616438,1.1083741023160598,per_sku,2.6836519021805065,3.4443968585336413,4.871238623628676,3.9548847788928354,4.71562973524597,6.142471500341005,3.4443968585336413,4.71562973524597,723.288915267662
773,Titleist Small Wheeled Travel Cover,249.9900055,6,False,108.0,26998.920594,13.416139681741539,27.206037553167427,Medium,False,57,0.9664801170081322,C,16.100011264340175,6.7080698408707695,54.412075106334854,1006.2104761306155,1181.2387561875,175.02828005688457,0.1481734993370824,3.7777777777777777,1.6672954788628431,0.2958904109589041,0.8733497157653386,per_sku,2.175498988897925,2.7921959166964703,3.94886337224816,3.2933072080760075,3.9100041358745523,5.066671591426243,2.7921959166964703,3.9100041358745523,698.0210725720282
305,Mio ALPHA Heart Rate Monitor/Sport Watch,199.0,6,False,134.0,26666.0,13.333166665624987,27.37534219391615,Medium,False,58,0.9675336182110614,C,20.100251254711036,6.666583332812493,54.7506843878323,999.987499921874,1177.7708333333333,177.78333341145924,0.1509490033033811,3.6417910447761193,1.6209003534073785,0.36712328767123287,1.0473711383124242,per_sku,2.5615958603349154,3.2877411287959597,4.649688241180644,3.8985821617047782,4.624727430165823,5.986674542550507,3.2877411287959597,4.624727430165823,654.260484630396
728,LIJA Women's Eyelet Sleeveless Golf Polo,65.0,28,False,405.42857142857144,26352.857142857145,13.25464878017197,27.537508239827112,Medium,False,59,0.9685747479905792,C,61.17530206233217,6.627324390085985,55.075016479654224,994.0986585128978,1174.5089285714284,180.4102700585306,0.1536048519256181,3.517799352750809,1.6128059999194584,1.1107632093933464,2.002346959540141,per_sku,4.813127471410934,6.177522922693387,8.736562450642364,8.72056957047426,10.084965021756712,12.644004549705688,6.177522922693387,10.084965021756712,401.5389899750702
625,Nike Men's Kobe IX Elite Low Basketball Shoe,199.9900055,6,False,126.0,25198.740693,12.96115753395506,28.161065016283413,Medium,False,60,0.9695702817651377,C,19.442707901653204,6.48057876697753,56.322130032566825,972.0868150466295,1162.48688221875,190.40006717212054,0.1637868522083608,3.3968253968253967,1.591709190286144,0.3452054794520548,1.3162836851249156,per_sku,3.1091280513004245,3.9904843411236484,5.643542903979538,4.281730791026452,5.163087080849676,6.816145643705566,3.9904843411236484,5.163087080849676,798.0569853289823
743,Ogio Race Golf Shoes,169.9900055,5,True,146.39999999999998,24886.536805199994,12.880615100529942,28.337156040396156,Medium,False,61,0.9705534812124123,C,22.731833667473953,6.440307550264971,56.67431208079231,966.0461325397457,1159.2347583874998,193.1886258477541,0.16665185757238704,3.344262295081968,1.558687972854513,0.40109589041095883,0.8403580579368648,class_fallback,1.9695501051500541,2.5278659238150154,3.575034651693641,3.310919968163753,3.869235786828714,4.91640451470734,2.5278659238150154,3.869235786828714,429.711942292577
216,Yakima DoubleDown Ace Hitch Mount 4-Bike Rack,189.0,6,False,128.0,24192.0,12.699606293110035,28.741048468409986,Medium,False,62,0.9715092413977142,C,20.158105227158785,6.3498031465550175,57.48209693681997,952.4704719832525,1152.0,199.52952801674746,0.1732027152923155,3.796875,1.5448808193617225,0.3506849315068493,1.2752652154995108,per_sku,3.1846826542368802,4.087456693160303,5.780686063164212,4.516189503551949,5.418963542475371,7.11219291247928,4.087456693160303,5.418963542475371,772.5293150072972
44,adidas Men's F10 Messi TRX FG Soccer Cleat,59.99000167999999,28,False,402.42857142857144,24141.690676079998,12.686394464433146,28.77097988898999,Medium,False,63,0.972463013998329,C,63.442544303158364,6.343197232216573,57.54195977797998,951.479584832486,1151.4759445425,199.99635971001396,0.17368696294343844,3.511475409836065,1.599968992365631,1.1025440313111547,1.9993802040284703,per_sku,4.801674344199869,6.162823134187237,8.71577327318364,8.673230598410512,10.03437938839788,12.587329527394285,6.162823134187237,10.03437938839788,369.70777017343516
858,GolfBuddy VT3 GPS Watch,199.9900055,6,False,118.0,23598.820649,12.54294506857673,29.100023798590804,Medium,False,64,0.9733953392792648,C,18.815357853335424,6.271472534288365,58.20004759718161,940.7208801432548,1145.8210484270833,205.10016828382845,0.17899842961113174,3.694915254237288,1.8500161908717,0.3232876712328767,0.9415812989146255,per_sku,2.3195971365817925,2.977142111394655,4.210423547776391,3.514117684526998,4.1716626593398605,5.404944095721596,2.977142111394655,4.1716626593398605,595.3986672320987
786,TaylorMade 2014 Purelite Stand Bag,179.99000549999997,6,False,130.0,23398.700714999995,12.489649238469429,29.224199417527416,Medium,False,65,0.9743197583653758,C,20.817237941252404,6.2448246192347145,58.44839883505483,936.7236928852071,1143.73646578125,207.01277289604286,0.18099691588887046,3.5846153846153848,1.7037853783222272,0.3561643835616438,1.047371138312424,per_sku,2.541407943940815,3.261830467375348,4.613044085509922,3.8181202727079384,4.538542796142472,5.889756414277046,3.261830467375348,4.538542796142472,587.0968837629564
35,adidas Brazuca 2014 Official Match Ball,159.99000550000002,6,False,130.0,20798.700715000003,11.775313361718519,30.99705194993902,Medium,False,66,0.9751414585162278,C,22.080091799956563,5.887656680859259,61.99410389987804,883.1485021288889,1116.6531324479167,233.5046303190278,0.20911115863450014,3.353846153846154,1.5555422007973745,0.3561643835616438,0.838132300668968,per_sku,1.9671462324195217,2.5247806161882576,3.5706712550542545,3.161666780364727,3.719301164133463,4.76519180299946,2.5247806161882576,3.719301164133463,403.9396646702528
823,Titleist Pro V1x High Numbers Personalized Go,51.99000167999999,28,False,389.14285714285717,20231.53779661714,11.6136522525911,31.428528430284757,Medium,False,67,0.975940751601274,C,67.01472520085768,5.80682612629555,62.857056860569514,871.0239189443323,1110.7451853814287,239.72126643709635,0.21582021654658473,3.4379084967320264,1.559024770240246,1.0661448140900196,2.318572263894449,per_sku,5.509602812663834,7.071430763538343,10.000771709659704,9.174911127770699,10.736739078645208,13.666080024766568,7.071430763538343,10.736739078645208,367.6436972763621
249,Under Armour Women's Micro G Skulpt Running S,54.97000122000001,28,False,363.0,19954.11044286,11.533750602141527,31.646253902198016,Medium,False,68,0.9767290842854012,C,62.945699542454136,5.766875301070764,63.29250780439603,865.0312951606145,1107.855317113125,242.82402195251052,0.2191838755490807,3.4494773519163764,1.6355078995591052,0.9945205479452055,1.893753249465995,per_sku,4.507674403438797,5.785481918084018,8.182118418164539,7.9382505095912475,9.21605802423647,11.61269452431699,5.785481918084018,9.21605802423647,318.0279480953664
116,Nike Men's Comfort 2 Slide,44.99000167999999,28,False,424.7142857142858,19107.896427805714,11.286539601905067,32.33940719424679,Medium,False,69,0.9774839853531332,C,75.26031905166005,5.643269800952534,64.67881438849358,846.4904701428802,1099.0405877896428,252.5501176467626,0.22979143850791148,3.542682926829268,1.662136754388355,1.1636007827788653,1.825467916972183,per_sku,4.403447729071342,5.651709714067923,7.992931064402826,8.5257163558672,9.773978340863781,12.115199691198683,5.651709714067923,9.773978340863781,254.27042953078814
821,Titleist Pro V1 High Numbers Personalized Gol,51.99000167999999,28,False,364.7142857142857,18961.496327005712,11.24321909033936,32.46401204737023,Medium,False,70,0.9782331025506821,C,64.8771998097348,5.62160954516968,64.92802409474046,843.2414317754519,1097.515586739643,254.27415496419098,0.23168158888709334,3.5136986301369864,1.72005075194788,0.9992172211350294,1.8617935646129469,per_sku,4.472664044541524,5.740547040313945,8.118569262497616,7.983612225652964,9.251495221425385,11.629517443609055,5.740547040313945,9.251495221425385,298.451050270041
647,Merrell Women's Siren Mid Waterproof Hiking B,134.99000550000002,6,False,140.0,18898.600770000005,11.224556641578323,32.51798816248622,Medium,False,71,0.978979734915674,C,24.945305987660664,5.612278320789161,65.03597632497244,841.8417481183742,1096.8604246875,255.01867656912577,0.23249874900152556,3.3142857142857145,1.5746438027662195,0.3835616438356164,1.5112364528551965,per_sku,3.5259803844689728,4.525503382032626,6.400193639505439,4.797213261181302,5.7967362587449545,7.6714265162177675,4.525503382032626,5.7967362587449545,610.8977264308528
666,Merrell Men's All Out Flash Trail Running Sho,109.98999790000003,6,False,170.0,18698.299643000006,11.164915178958296,32.69169484492717,Medium,False,72,0.9797184539273979,C,30.45253766376777,5.582457589479148,65.38338968985434,837.3686384218722,1094.7739546145833,257.4053161927111,0.23512188530584013,3.4705882352941178,1.6445308731419692,0.4657534246575342,1.4111105118708205,per_sku,3.3691090707891624,4.324163163655659,6.1154482142453395,4.985547426953546,5.940601519820043,7.731886570409723,4.324163163655659,5.940601519820043,475.61469728974345
982,insta-bed Neverflat Air Mattress,149.99000550000002,6,False,120.0,17998.800660000004,10.95408619648394,33.3208990191403,Medium,False,73,0.9804295376349879,C,21.90963223176348,5.47704309824197,66.6417980382806,821.5564647362955,1087.487506875,265.93104213870447,0.2445371008471471,3.25,1.6735732603107396,0.3287671232876712,1.1118292960529705,per_sku,2.568811829377677,3.2970026358796347,4.662786328559058,3.6373049800626083,4.365495786564566,5.731279479243989,3.2970026358796347,4.365495786564566,494.51744348910097
818,Titleist Pro V1x Golf Balls,47.99000167999999,28,False,369.8571428571429,17749.444907074285,10.877942485315343,33.55413953445066,Medium,False,74,0.9811307699743311,C,68.00130509173601,5.438971242657671,67.10827906890133,815.8456863986507,1084.8900511153572,269.04436471670647,0.24799228681294153,3.415807560137457,1.6238388798359231,1.0133072407045012,1.7138018451717292,per_sku,4.059380886525068,5.210108942138797,7.3683971257203975,7.520643420065529,8.671371475679258,10.829659659260859,5.210108942138797,8.671371475679258,250.03313688622384
715,TaylorMade Women's RBZ SL Rescue,129.99000550000002,6,False,136.0,17678.640748,10.856224250938569,33.621265696353326,Medium,False,75,0.981829205033739,C,25.054751423035903,5.428112125469284,67.24253139270665,814.2168188203926,1084.1525077916667,269.9356889712741,0.24898313385919463,3.264705882352941,1.3888430389466453,0.3726027397260274,1.4490431420069108,per_sku,3.3554892006794224,4.306682417445055,6.090726067057225,4.571927556843806,5.523120773609438,7.307164423221608,4.306682417445055,5.523120773609438,559.825671130436
705,Cleveland Golf Women's 588 RTX CB Satin Chrom,119.9899979,6,False,140.0,16798.599706,10.582564183914345,34.49069560615616,Medium,False,76,0.9824928720628323,C,26.45861580746226,5.291282091957172,68.98139121231232,793.6923137935759,1074.9854136041668,281.2930998105909,0.26167155037711903,3.557142857142857,1.7248038265743824,0.3835616438356164,1.029962095325949,per_sku,2.4895703003636513,3.1952982108834034,4.5189508346878595,3.853953862007487,4.559681772527239,5.883334396331695,3.1952982108834034,4.559681772527239,383.40382561377334
822,Titleist Pro V1x High Numbers Golf Balls,47.99000167999999,28,False,342.8571428571429,16453.714861714285,10.47336776836508,34.85029916570737,Medium,False,77,0.9831429136288515,C,65.47218629956767,5.23668388418254,69.70059833141474,785.5025826273811,1071.392863142857,285.890280515476,0.2668398216475295,3.660377358490566,1.5756599895014545,0.939334637964775,1.549137195067344,per_sku,3.7984403477901463,4.875198601810245,6.894750141279819,7.236759588642341,8.31351784266244,10.333069382132015,4.875198601810245,8.31351784266244,233.9607890912073
725,LIJA Women's Button Golf Dress,108.0,6,False,152.0,16416.0,10.461357464497615,34.89030952614794,Medium,False,78,0.9837914651831636,C,29.05932629027116,5.2306787322488075,69.78061905229588,784.6018098373213,1071.0,286.3981901626787,0.2674119422620716,3.3026315789473686,1.6084753596049086,0.41643835616438357,1.2333271627637816,per_sku,2.8725054400001206,3.686785423108769,5.214036676866636,4.247847905753545,5.062127888862194,6.589379142620061,3.686785423108769,5.062127888862194,398.17282569574706
19,Nike Men's Fingertrap Max Training Shoe,124.9899979,6,False,128.0,15998.7197312,10.327542376641858,35.342387054787835,Slow,True,79,0.9844235311278927,C,24.78808516719366,5.163771188320929,70.68477410957567,774.5656782481393,1066.6533305333332,292.08765228519394,0.2738355976811588,3.890625,1.710074606188326,0.3506849315068493,1.1157649872842017,per_sku,2.8205572189323216,3.6201112433066287,5.119742710988029,4.184940780576158,4.984494804950464,6.4841262726318645,3.6201112433066287,4.984494804950464,452.47769669866193
278,Under Armour Men's Compression EV SL Slide,44.99000167999999,28,False,348.42857142857144,15675.802013931427,10.222785665343027,35.70455372427613,Slow,True,80,0.9850428394710472,C,68.16705012407787,5.1113928326715135,71.40910744855226,766.708924900727,1063.2896043117858,296.5806794110588,0.278927470190984,3.282142857142857,1.5937947708639857,0.9545988258317026,1.7789447680948836,per_sku,4.130415133571809,5.301279535902207,7.497335147649889,7.2635448512122895,8.434409253542688,10.63046486529037,5.301279535902207,8.434409253542688,238.50457522638987
572,TYR Boys' Team Digi Jammer,39.99000167999999,28,False,377.1428571428571,15081.943490742853,10.027277294374864,36.400708715291934,Slow,True,81,0.9856386860775876,C,75.22338239402794,5.013638647187432,72.80141743058387,752.0457970781148,1057.1035780285713,305.0577809504565,0.2885788935833225,3.46,1.5630773180943858,1.0332681017612524,2.0869551036609946,per_sku,4.975121076749602,6.385437468122207,9.030605618634985,8.550228708843536,9.960545100216141,12.605713250728918,6.385437468122207,9.960545100216141,255.35365507774196
652,Merrell Women's Grassbow Sport Waterproof Hik,129.99000550000002,6,False,116.0,15078.840638000003,10.026245770642836,36.40445370576607,Slow,True,82,0.9862344100988474,C,23.1392692047609,5.013122885321418,72.80890741153215,751.9684327982127,1057.0712566458333,305.1028238476206,0.28863032830514646,3.155172413793104,1.598263576817052,0.3178082191780822,1.0551893941536026,per_sku,2.4021187005553015,3.0830563752679585,4.36021280672737,3.404858426582699,4.085796101295356,5.362952532754767,3.0830563752679585,4.085796101295356,400.7665151778921
771,Clicgear Rovic Cooler Bag,39.99000167999999,28,False,371.57142857142856,14859.142052811425,9.952936602769196,36.67259368440531,Slow,True,83,0.986821454425973,C,74.6656878067618,4.976468301384598,73.34518736881061,746.4702452076897,1054.7827297167855,308.31248450909584,0.2922995189652748,3.4401408450704225,1.6686491800554233,1.0180039138943249,2.0205833615847895,per_sku,4.80305304546207,6.164592661111548,8.718275826824604,8.30512989009149,9.666669505740968,12.220352671454023,6.164592661111548,9.666669505740968,246.52207087436642
977,ENO Atlas Hammock Straps,29.98999977000001,28,False,427.7142857142858,12827.15133019715,9.247396509359502,39.47056878447627,Slow,True,84,0.9873282203209898,C,92.50480073637728,4.623698254679751,78.94113756895254,693.5547382019628,1033.6161596895536,340.0614214875908,0.3290016494998764,3.455108359133127,1.6513678418485078,1.1718199608610569,1.9411206954362534,per_sku,4.624192178194578,5.935029427209941,8.393615998856152,8.67295712036467,9.983794369380032,12.442380941026244,5.935029427209941,9.983794369380032,177.99153115696944
835,Bridgestone e6 Straight Distance NFL Carolina,31.98999977000001,28,False,397.7142857142858,12722.879908525721,9.209733947849497,39.631980909201914,Slow,True,85,0.9878308667354634,C,86.36824645887917,4.604866973924748,79.26396181840383,690.7300460887122,1032.5299990471428,341.7999529584306,0.3310314986236297,3.6103896103896105,1.5517634743357582,1.0896281800391392,2.2023727543437985,per_sku,5.363155138419104,6.883469013097366,9.734946784101405,9.297137398820151,10.817451273498413,13.668929044502454,6.883469013097366,10.817451273498413,220.20217214578693
235,Under Armour Hustle Storm Medium Duffle Bag,34.99000167999999,28,False,362.57142857142856,12686.374894834282,9.196511981845537,39.68896041461499,Slow,True,86,0.9883320709360379,C,78.84977027968128,4.598255990922769,79.37792082922998,689.7383986384153,1032.1497384878571,342.4113398494418,0.33174579916194025,3.5752508361204014,1.5980870025573033,0.9933463796477494,2.088663110678898,per_sku,5.061440707087785,6.496226450599796,9.187288948890695,8.612903181480576,10.047688924992585,12.738751423283485,6.496226450599796,10.047688924992585,227.30297442014725
276,Under Armour Women's Ignite Slide,31.98999977000001,28,False,393.85714285714283,12599.489909412861,9.164965869881117,39.825571113090746,Slow,True,87,0.9888298425469231,C,85.94841452742949,4.5824829349405585,79.65114222618149,687.3724402410837,1031.2446865563838,343.8722463153001,0.333453593311192,3.64951768488746,1.574798940216049,1.0790606653620352,2.6612060855865773,per_sku,6.515514909195421,8.362492567209385,11.826656002856824,10.453565890500597,12.300543548514561,15.764706984162,8.362492567209385,12.300543548514561,267.516135301655
828,Bridgestone e6 Straight Distance NFL San Dieg,31.98999977000001,28,False,388.2857142857142,12421.259910694289,9.099912054774409,40.11027774806869,Slow,True,88,0.9893205727748468,C,85.33834435949173,4.549956027387204,80.22055549613738,682.4934041080805,1029.3881240697322,346.8947199616516,0.33699118131476763,3.503225806451613,1.6580652879209092,1.0637964774951074,1.6368766231347671,per_sku,3.9264720547735945,5.039523941086989,7.127147269834434,7.653191327546777,8.766243213860172,10.853866542607616,5.039523941086989,8.766243213860172,161.21436971628233
1348,CDs of rock,11.28999996000001,3,True,1083.9999999999998,12238.359956640008,9.032666626063426,40.408886446313204,Slow,True,89,0.989804077122563,C,240.01771456330687,4.516333313031713,80.81777289262641,677.449996954757,1027.4829162150002,350.03291926024315,0.3406703057892974,3.453874538745388,1.6724050454519166,2.9698630136986295,6.222323325160939,class_fallback,14.82034630619408,19.021525935595072,26.901195078104934,25.07788055276942,29.279060182170415,37.15872932468028,19.021525935595072,29.279060182170415,214.75302705200752
642,Columbia Men's PFG Anchor Tough T-Shirt,30.0,28,False,397.7142857142858,11931.428571428572,8.918680235486478,40.92533764667376,Slow,True,90,0.990275455445246,C,89.1868023548648,4.459340117743239,81.85067529334752,668.9010176614859,1024.2857142857142,355.38469662422835,0.34695856016312393,3.4802631578947367,1.6288261165569866,1.0896281800391392,2.1195411959893535,per_sku,5.067577542313669,6.504102917721405,9.198428243355403,8.859770353107777,10.296295728515513,12.990621054149512,6.504102917721405,10.296295728515513,195.12308753164214
311,Polar Loop Activity Tracker,109.9499969,6,False,108.0,11874.5996652,8.897415229604608,41.02315004761447,Slow,True,91,0.9907445886122598,C,24.276713452834866,4.448707614802304,82.04630009522894,667.3061422203455,1023.6937465125,356.3876042921545,0.34813888968872664,3.759259259259259,1.5773776325494684,0.2958904109589041,0.7252774622585993,per_sku,1.8022200621562166,2.3131022005623914,3.271305033235023,2.914548829279504,3.4254309676856787,4.383633800358311,2.3131022005623914,3.4254309676856787,254.32557978121812
37,adidas Kids' F5 Messi FG Soccer Cleat,34.99000168,28,False,334.7142857142857,11711.653419462857,8.836158071418014,41.307545321156226,Slow,True,92,0.9912072842158633,C,75.7601398727742,4.418079035709007,82.61509064231245,662.7118553563511,1021.9963897860714,359.28453442972034,0.35155166693389917,3.4618320610687023,1.6059257134051412,0.9170254403131116,2.1597335005078557,per_sku,5.149981411227161,6.609866123070815,9.348003867772896,8.324569481318735,9.78445419316239,12.522591937864469,6.609866123070815,9.78445419316239,231.2792267508229
172,Nike Women's Tempo Shorts,30.0,28,False,388.7142857142858,11661.428571428572,8.81719100070182,41.39640390810941,Slow,True,93,0.9916679955721925,C,88.1719100070182,4.40859550035091,82.79280781621883,661.2893250526365,1021.4732142857143,360.1838892330778,0.3526121724933763,3.5440251572327046,1.630625325464592,1.0649706457925638,2.2312785671801425,per_sku,5.383375709178506,6.909421585539735,9.771650212439104,9.157658469581712,10.68370434594294,13.54593297284231,6.909421585539735,10.68370434594294,207.28264756619205
564,Nike Men's Deutschland Weltmeister Winners Bl,30.0,28,False,388.7142857142858,11661.428571428572,8.81719100070182,41.39640390810941,Slow,True,94,0.9921287069285217,C,88.1719100070182,4.40859550035091,82.79280781621883,661.2893250526365,1021.4732142857143,360.1838892330778,0.3526121724933763,3.446308724832215,1.5695341688098627,1.0649706457925638,2.2605554391946545,per_sku,5.378296625530513,6.902902714837033,9.762430898854271,9.048514253815625,10.573120343122145,13.432648527139381,6.902902714837033,10.573120343122145,207.08708144511098
282,Under Armour Women's Ignite PIP VI Slide,31.98999977000001,28,False,363.42857142857144,11626.079916411432,8.803817322204209,41.45928824300219,Slow,True,95,0.9925880217555407,C,82.56158848547756,4.401908661102104,82.91857648600438,660.2862991653157,1021.1049991292858,360.8186999639702,0.3533610160283679,3.347368421052632,1.6977724908507028,0.9956947162426615,1.88810722734044,per_sku,4.42721803257137,5.682218275418731,8.036077800538996,7.760175082731017,9.015175325578378,11.369034850698643,5.682218275418731,9.015175325578378,181.77416132373506
825,Bridgestone e6 Straight Distance NFL Tennesse,31.98999977000001,28,False,345.0,11036.549920650004,8.577703624572257,42.5521813267594,Slow,True,96,0.9930240458543029,C,80.44110990538078,4.288851812286128,85.1043626535188,643.3277718429192,1014.9640616734375,371.6362898305183,0.36615709251594314,3.6614785992217898,1.7156775243921216,0.9452054794520548,1.9890874283360922,per_sku,4.877919414714189,6.260681683257935,8.854169736617989,8.338769049595058,9.721531318138805,12.315019371498858,6.260681683257935,9.721531318138805,200.2792056074646
885,Team Golf St. Louis Cardinals Putter Grip,24.98999977000001,28,False,410.57142857142856,10260.179905568575,8.270501760501425,44.13275162375042,Slow,True,97,0.993429397683328,C,99.28573633397943,4.135250880250712,88.26550324750085,620.287632037607,1006.8768740163393,386.5892419787324,0.3839488739439048,3.584664536741214,1.6092743923259385,1.124853228962818,2.0693352297554877,per_sku,5.021201038358117,6.444579890757855,9.11424779613958,9.053422517259975,10.476801369659714,13.146469275041438,6.444579890757855,10.476801369659714,161.05004998778548
906,Team Golf Tennessee Volunteers Putter Grip,24.989999770000008,28,False,392.14285714285717,9799.649909807147,8.082759392603142,45.1578455167212,Slow,True,98,0.9938165552235765,C,97.03192637448119,4.041379696301571,90.3156910334424,606.2069544452356,1002.0796865604912,395.87273211525553,0.39505114954883225,3.5,1.5932550136313828,1.0743639921722115,1.8908116021683765,per_sku,4.533512102239355,5.8186439271016805,8.229017792945855,8.293786074842096,9.578917899704422,11.989291765548597,5.8186439271016805,9.578917899704422,145.40791039998294
905,Team Golf Texas Longhorns Putter Grip,24.989999770000008,28,False,383.57142857142856,9585.449911778574,7.993935164351608,45.659614757409074,Slow,True,99,0.9941952503039289,C,95.96560909874235,3.996967582175804,91.31922951481815,599.5451373263707,999.8484365810267,400.30329925465605,0.40036397978826654,3.448160535117057,1.642500230654182,1.0508806262230919,1.6153616766469507,per_sku,3.8442888548828282,4.934043958642917,6.97797219344095,7.467893957344392,8.557649061104481,10.601577295902514,4.934043958642917,8.557649061104481,123.30175739165642
273,Under Armour Kids' Mercenary Slide,27.98999977000001,28,False,340.7142857142857,9536.592778778575,7.973536554870566,45.776425239694035,Slow,True,100,0.9945720151717115,C,85.46127138682606,3.986768277435283,91.55285047938807,598.0152416152924,999.3395081122768,401.32426649698436,0.40158951311258995,3.350597609561753,1.6286772674272405,0.9334637964774951,1.7884045835759141,per_sku,4.195458312656788,5.384760751005891,7.615398464991795,7.323119877746722,8.512422316095826,10.743060030081729,5.384760751005891,8.512422316095826,150.71945218215998
893,Team Golf Pittsburgh Steelers Putter Grip,24.98999977000001,28,False,380.1428571428571,9499.769912567146,7.958127883938176,45.86505838096375,Slow,True,101,0.9949473252681054,C,95.5357497861014,3.979063941969088,91.7301167619275,596.8595912953632,998.9559365892411,402.0963452938779,0.40251659814622553,3.477966101694915,1.5839402127247266,1.0414872798434442,1.8830679144954663,per_sku,4.500711287748697,5.776544941649368,8.169479298291035,8.122968742390642,9.398802396291313,11.79173675293298,5.776544941649368,9.398802396291313,144.35585676321242
886,Team Golf San Francisco Giants Putter Grip,24.989999770000008,28,False,373.2857142857143,9328.409914144288,7.886025578682115,46.284404781374995,Slow,True,102,0.9953158653965823,C,94.67017588550517,3.9430127893410574,92.56880956274999,591.4519184011587,997.1709366056697,405.71901820451103,0.4068700794525385,3.4760273972602738,1.6630533255154445,1.0227005870841488,1.9462107965091535,per_sku,4.6503321297811935,5.96857936975428,8.441064008668842,8.205267389679861,9.523514629652947,11.99599926856751,5.96857936975428,9.523514629652947,149.15479707738623
567,adidas Men's Germany Black Crest Away Tee,25.0,28,False,368.1428571428571,9203.571428571428,7.833080036431573,46.5972514390749,Slow,True,103,0.9956794734957065,C,93.99696043717887,3.9165400182157866,93.1945028781498,587.481002732368,995.8705357142857,408.3895329819177,0.4100829559024972,3.692041522491349,1.6869512435959422,1.008610567514677,1.8785360221278256,per_sku,4.625996655272272,5.937345426230773,8.396891400717761,8.349828750560023,9.661177521518525,12.120723496005514,5.937345426230773,9.661177521518525,148.43363565576934
778,Bag Boy Beverage Holder,24.989999770000008,28,False,362.1428571428571,9049.949916707144,7.767431972326137,46.99107778483605,Slow,True,104,0.9960370124263185,C,93.24648311902887,3.8837159861630686,93.9821555696721,582.5573979244602,994.2703116323661,411.71291370790584,0.4140854945492305,3.6021505376344085,1.553412013514677,0.9921722113502934,1.693071975967881,per_sku,4.118213417467409,5.285618953177389,7.4751871668651955,7.692167082008789,8.859572617718769,11.049140831406575,5.285618953177389,8.859572617718769,132.08761642421064
93,Under Armour Men's Tech II T-Shirt,24.989999770000008,28,False,357.8571428571429,8942.84991769286,7.721334046088521,47.27162402524237,Slow,True,105,0.9963903201269824,C,92.69308664049483,3.8606670230442606,94.54324805048473,579.1000534566391,993.1546866426339,414.0546331859948,0.41690850252714334,3.621428571428571,1.6262535044787738,0.980430528375734,1.8405568421049519,per_sku,4.4889182355806625,5.761408868372839,8.148073105049384,8.039477363341355,9.311967996133532,11.698632232810077,5.761408868372839,9.311967996133532,143.97760629551325
897,Team Golf New England Patriots Putter Grip,24.98999977000001,28,False,352.7142857142857,8814.32991887572,7.665650622039297,47.61500595273658,Slow,True,106,0.9967385503517087,C,92.02461815836135,3.8328253110196484,95.23001190547316,574.9237966529472,991.8159366549554,416.8921400020082,0.42033216506687526,3.498220640569395,1.619357357455072,0.9663405088062622,2.3513792892388237,per_sku,5.636360807259395,7.234121326358441,10.230856855436587,9.016833120983794,10.614593640082838,13.611329169160985,7.234121326358441,10.614593640082838,180.78069028184962
917,Glove It Women's Mod Oval 3-Zip Carry All Gol,21.989999770000008,28,False,398.57142857142856,8764.585622614288,7.643989195271575,47.74993667256646,Slow,True,107,0.9970848153144553,C,104.28361903441129,3.8219945976357876,95.49987334513293,573.2991896453682,991.2977669022322,417.998577256864,0.4216680307503301,3.5694915254237287,1.6703959200410667,1.091976516634051,2.3539763400887783,per_sku,5.699775756360623,7.315512750965658,10.34596468634653,9.597576678447592,11.213313673052626,14.243765608433499,7.315512750965658,11.213313673052626,160.86812371116693
134,Nike Women's Legend V-Neck T-Shirt,25.0,28,False,343.2857142857143,8582.142857142857,7.564012540595481,48.25481158856793,Slow,True,108,0.997423872459273,C,90.76815048714579,3.7820062702977406,96.50962317713586,567.3009405446612,989.3973214285714,422.09638088391023,0.42661969235418334,3.3978494623655915,1.649982242849097,0.9405088062622309,1.8572097601142716,per_sku,4.3874837715058215,5.6312203930633,7.96395403999219,7.583191113214047,8.826927734771525,11.159661381700415,5.6312203930633,8.826927734771525,140.7805098265825
135,Nike Dri-FIT Crew Sock 6 Pack,22.0,28,False,378.42857142857144,8325.428571428572,7.450023969280712,48.99313096240147,Slow,True,109,0.9977527875202084,C,101.591235944737,3.725011984640356,97.98626192480295,558.7517976960535,986.7232142857144,427.971416589661,0.4337299562770174,3.441558441558441,1.644206145832588,1.0367906066536203,2.1581220444777034,per_sku,5.131047960263162,6.585565535141131,9.313636758708014,8.699223424720426,10.153740999598396,12.881812223165278,6.585565535141131,10.153740999598396,144.8824417731049
804,Glove It Women's Imperial Golf Glove,19.989999770000004,28,False,403.2857142857142,8061.681335815715,7.331066923632019,49.78811458171339,Slow,True,110,0.9980712826445206,C,110.0210156275357,3.6655334618160094,99.57622916342677,549.8300192724014,983.9758472480804,434.145827975679,0.4412159395882224,3.550488599348534,1.6725068526781053,1.1048923679060663,2.173222556895725,per_sku,5.248083836032012,6.735778013334157,9.526074771973521,9.170991591789706,10.65868576909185,13.448982527731214,6.735778013334157,10.65868576909185,134.64820093732087
703,Top Flite Women's 2014 XL Hybrid,19.989999770000004,28,False,380.1428571428571,7599.055626852858,7.11760991103655,51.28125937809992,Slow,True,111,0.9983715006841223,C,106.81755867328678,3.558804955518275,102.56251875619984,533.8207433277412,979.1568294463839,445.3360861186427,0.4548158913117484,3.584158415841584,1.623098949536622,1.0414872798434442,1.7194764495941344,per_sku,4.1719810691933885,5.354628324528873,7.572783677640901,7.904836468236228,9.087483723571712,11.30563907668374,5.354628324528873,9.087483723571712,107.03901897576768
810,Glove It Women's Mod Oval Golf Glove,19.989999770000004,28,False,343.7142857142857,6870.848492374287,6.767987634136796,53.930358583841134,Slow,True,112,0.9986429492385309,C,101.57060098060413,3.383993817068398,107.86071716768227,507.5990725602597,971.5713384622321,463.97226590197243,0.47754832561892047,3.306859205776173,1.6340101017784008,0.9416829745596869,1.8992680065339955,per_sku,4.426358685040326,5.681115325392348,8.034517953346839,7.540371698385717,8.795128338737738,11.14853096669223,5.681115325392348,8.795128338737738,113.56549404793654
797,Hirzl Women's Soffft Flex Golf Glove,17.98999977,28,False,381.0,6854.1899123700005,6.75977805965551,53.995855600413165,Slow,True,113,0.9989137396577085,C,112.72559443154749,3.379889029827755,107.99171120082633,506.9833544741632,971.3978115871876,464.41445711302435,0.4780888443162207,3.6073825503355694,1.674792070504612,1.0438356164383562,2.2182994295650267,per_sku,5.399689241157833,6.9303595761396055,9.801261767872553,9.16520362931633,10.695873964298105,13.566776156031052,6.9303595761396055,10.695873964298105,124.6771671807688
926,Glove It Imperial Golf Towel,15.98999977,28,False,398.57142857142856,6373.157051185714,6.5182600189445825,55.99653879089956,Slow,True,114,0.9991655257756069,C,122.29381074490001,3.2591300094722913,111.99307758179911,488.8695014208437,966.3870526165178,477.5175511956742,0.49412660269276487,3.4900662251655628,1.66602776104813,1.091976516634051,2.2219917253802244,per_sku,5.320001686976704,6.8280826895349405,9.656616670110726,9.131072046355147,10.639153048913382,13.467687029489168,6.8280826895349405,10.639153048913382,109.18104063520468
924,Glove It Urban Brick Golf Towel,15.98999977,28,False,379.2857142857143,6064.778484192857,6.358604922566404,57.40252845472933,Slow,True,115,0.9994051286942522,C,119.29840551648248,3.179302461283202,114.80505690945866,476.89536919248036,963.174775877009,486.2794066845286,0.5048714094923757,3.6066666666666665,1.6209195402844052,1.0391389432485323,2.143889002848335,per_sku,5.2180447382873725,6.6972236189208,9.471549215572653,8.96587252693708,10.445051407570507,13.219377004222359,6.6972236189208,10.445051407570507,107.08860412618216
793,Hirzl Women's Hybrid Golf Glove,14.98999977,28,False,380.57142857142856,5704.765626754286,6.166990420377559,59.186081884274074,Slow,True,116,0.9996305084831301,C,123.42209169448621,3.0834952101887794,118.37216376854815,462.52428152831686,959.424641945357,496.9003604170402,0.5179149447417889,3.7138263665594855,1.61198189638417,1.0426614481409002,2.2828096351640697,per_sku,5.638102840683163,7.236357180586559,10.234018912516571,9.510366418183935,11.10862075808733,14.106282490017342,7.236357180586559,11.10862075808733,108.47299247263037
792,Hirzl Men's Hybrid Golf Glove,14.98999977,28,False,370.2857142857143,5550.582771977143,6.083081878991461,60.00248020013744,Slow,True,117,0.9998497969263624,C,121.7428013140949,3.0415409394957305,120.00496040027488,456.2311409243596,957.8185705414286,501.587429617069,0.5236768685049982,3.3297872340425534,1.5943960884779826,1.014481409001957,1.7452448364141422,per_sku,4.081474640783154,5.238465696492048,7.408500668581342,7.459481885651372,8.616472941360266,10.786507913449562,5.238465696492048,8.616472941360266,78.5245995855687
775,Clicgear 8.0 Shoe Brush,9.989999771,28,False,380.57142857142856,3801.9084842777143,5.03448672278033,72.49994291343096,Slow,True,118,0.9999999999999997,C,151.185790936501,2.517243361390165,144.9998858268619,377.58650420852473,939.6032133778928,562.016709169368,0.598142600160877,3.575438596491228,1.641911534320054,1.0426614481409002,1.834462677717442,per_sku,4.445555547643578,5.705753995255089,8.069363194821515,8.17352753239999,9.4337259800115,11.797335179577926,5.705753995255089,9.4337259800115,57.000481105980676
